"","wb2021","year","intervention","x50q30"
"1","HIC",2017,"Business as usual",0.0870115734744767
"2","HIC",2017,"Scenario 1",0.0870115734744767
"3","HIC",2017,"Scenario 2",0.0870115734744767
"4","HIC",2017,"Scenario 3",0.0870115734744767
"5","HIC",2017,"Scenario 4",0.0870115734744767
"6","HIC",2018,"Business as usual",0.0803224235895
"7","HIC",2018,"Scenario 1",0.0803224235895
"8","HIC",2018,"Scenario 2",0.0803224235895
"9","HIC",2018,"Scenario 3",0.0803224235895
"10","HIC",2018,"Scenario 4",0.0803224235895
"11","HIC",2019,"Business as usual",0.0798743347711649
"12","HIC",2019,"Scenario 1",0.0798743347711649
"13","HIC",2019,"Scenario 2",0.0798743347711649
"14","HIC",2019,"Scenario 3",0.0798743347711649
"15","HIC",2019,"Scenario 4",0.0798743347711649
"16","HIC",2020,"Business as usual",0.0796225608826081
"17","HIC",2020,"Scenario 1",0.0796225608826081
"18","HIC",2020,"Scenario 2",0.0796225608826081
"19","HIC",2020,"Scenario 3",0.0796225608826081
"20","HIC",2020,"Scenario 4",0.0796225608826081
"21","HIC",2021,"Business as usual",0.0795768280324594
"22","HIC",2021,"Scenario 1",0.0795768280324594
"23","HIC",2021,"Scenario 2",0.0795768280324594
"24","HIC",2021,"Scenario 3",0.0795768280324594
"25","HIC",2021,"Scenario 4",0.0795768280324594
"26","HIC",2022,"Business as usual",0.0790434533882479
"27","HIC",2022,"Scenario 1",0.0790434533882479
"28","HIC",2022,"Scenario 2",0.0790434533882479
"29","HIC",2022,"Scenario 3",0.0790434533882479
"30","HIC",2022,"Scenario 4",0.0790434533882479
"31","HIC",2023,"Business as usual",0.0783479990875832
"32","HIC",2023,"Scenario 1",0.0781556100118369
"33","HIC",2023,"Scenario 2",0.0778652300976979
"34","HIC",2023,"Scenario 3",0.0772738882453684
"35","HIC",2023,"Scenario 4",0.0772738882453684
"36","HIC",2024,"Business as usual",0.0778508626722072
"37","HIC",2024,"Scenario 1",0.0774520710535231
"38","HIC",2024,"Scenario 2",0.0768511283551053
"39","HIC",2024,"Scenario 3",0.0756276918544553
"40","HIC",2024,"Scenario 4",0.0756276918544553
"41","HIC",2025,"Business as usual",0.077542558648981
"42","HIC",2025,"Scenario 1",0.0769252946050732
"43","HIC",2025,"Scenario 2",0.0759944119204908
"44","HIC",2025,"Scenario 3",0.0741008092434665
"45","HIC",2025,"Scenario 4",0.0741008092434665
"46","HIC",2026,"Business as usual",0.0775418638180269
"47","HIC",2026,"Scenario 1",0.0766898847197315
"48","HIC",2026,"Scenario 2",0.0754072837646474
"49","HIC",2026,"Scenario 3",0.0728019872879796
"50","HIC",2026,"Scenario 4",0.0728019872879796
"51","HIC",2027,"Business as usual",0.0773258007893018
"52","HIC",2027,"Scenario 1",0.0762315591149613
"53","HIC",2027,"Scenario 2",0.0745845822943085
"54","HIC",2027,"Scenario 3",0.0712452310146128
"55","HIC",2027,"Scenario 4",0.0712452310146128
"56","HIC",2028,"Business as usual",0.0770790000353168
"57","HIC",2028,"Scenario 1",0.0757335011975322
"58","HIC",2028,"Scenario 2",0.0737098356704403
"59","HIC",2028,"Scenario 3",0.0696157830065778
"60","HIC",2028,"Scenario 4",0.0696157830065778
"61","HIC",2029,"Business as usual",0.0768908722465516
"62","HIC",2029,"Scenario 1",0.0752822299373411
"63","HIC",2029,"Scenario 2",0.0728688023660319
"64","HIC",2029,"Scenario 3",0.0679989218556348
"65","HIC",2029,"Scenario 4",0.0679989218556348
"66","HIC",2030,"Business as usual",0.0765179750584
"67","HIC",2030,"Scenario 1",0.0746444259115572
"68","HIC",2030,"Scenario 2",0.0718387244758987
"69","HIC",2030,"Scenario 3",0.0661935189277802
"70","HIC",2030,"Scenario 4",0.0661935189277802
"71","HIC",2031,"Business as usual",0.0762947443476294
"72","HIC",2031,"Scenario 1",0.074145964367474
"73","HIC",2031,"Scenario 2",0.0709349108434748
"74","HIC",2031,"Scenario 3",0.0644940783913905
"75","HIC",2031,"Scenario 4",0.0644937726669679
"76","HIC",2032,"Business as usual",0.0761121069526756
"77","HIC",2032,"Scenario 1",0.0736792073804187
"78","HIC",2032,"Scenario 2",0.0700521628753203
"79","HIC",2032,"Scenario 3",0.0628761712801369
"80","HIC",2032,"Scenario 4",0.0628035204665417
"81","HIC",2033,"Business as usual",0.0758932271979041
"82","HIC",2033,"Scenario 1",0.0731745224073186
"83","HIC",2033,"Scenario 2",0.0691279142565883
"84","HIC",2033,"Scenario 3",0.0616128094473832
"85","HIC",2033,"Scenario 4",0.0610711117064902
"86","HIC",2034,"Business as usual",0.0756952138137523
"87","HIC",2034,"Scenario 1",0.0726847972588703
"88","HIC",2034,"Scenario 2",0.0682123023930723
"89","HIC",2034,"Scenario 3",0.0605549059239958
"90","HIC",2034,"Scenario 4",0.0593455678421255
"91","HIC",2035,"Business as usual",0.0754075713861246
"92","HIC",2035,"Scenario 1",0.0721061081027666
"93","HIC",2035,"Scenario 2",0.0672091180088207
"94","HIC",2035,"Scenario 3",0.0598016490802331
"95","HIC",2035,"Scenario 4",0.0579555293797246
"96","HIC",2036,"Business as usual",0.0751879467382363
"97","HIC",2036,"Scenario 1",0.0715872143122009
"98","HIC",2036,"Scenario 2",0.0662564313828186
"99","HIC",2036,"Scenario 3",0.0593107304127432
"100","HIC",2036,"Scenario 4",0.0567743830530035
"101","HIC",2037,"Business as usual",0.0750234321714057
"102","HIC",2037,"Scenario 1",0.0711155717413771
"103","HIC",2037,"Scenario 2",0.0653425271275685
"104","HIC",2037,"Scenario 3",0.058919809796123
"105","HIC",2037,"Scenario 4",0.05598970193876
"106","HIC",2038,"Business as usual",0.0748889684933632
"107","HIC",2038,"Scenario 1",0.0706693446484465
"108","HIC",2038,"Scenario 2",0.0644479887470782
"109","HIC",2038,"Scenario 3",0.0585837138814633
"110","HIC",2038,"Scenario 4",0.0554873326598567
"111","HIC",2039,"Business as usual",0.0748185367708343
"112","HIC",2039,"Scenario 1",0.0702761548553608
"113","HIC",2039,"Scenario 2",0.0635978941355965
"114","HIC",2039,"Scenario 3",0.0583330057040601
"115","HIC",2039,"Scenario 4",0.0551142422352193
"116","HIC",2040,"Business as usual",0.0746723707670617
"117","HIC",2040,"Scenario 1",0.0698108917579342
"118","HIC",2040,"Scenario 2",0.0627465858539392
"119","HIC",2040,"Scenario 3",0.0580655517307146
"120","HIC",2040,"Scenario 4",0.0547224353106661
"121","HIC",2041,"Business as usual",0.0746588282916418
"122","HIC",2041,"Scenario 1",0.0694600840015607
"123","HIC",2041,"Scenario 2",0.0621361730353163
"124","HIC",2041,"Scenario 3",0.0579297809618746
"125","HIC",2041,"Scenario 4",0.0544494957220607
"126","HIC",2042,"Business as usual",0.0746714899972196
"127","HIC",2042,"Scenario 1",0.069128605407824
"128","HIC",2042,"Scenario 2",0.0615982707934654
"129","HIC",2042,"Scenario 3",0.0578545264542044
"130","HIC",2042,"Scenario 4",0.0542430960423308
"131","HIC",2043,"Business as usual",0.0747396191510653
"132","HIC",2043,"Scenario 1",0.0688426110158327
"133","HIC",2043,"Scenario 2",0.0611461666311114
"134","HIC",2043,"Scenario 3",0.0578594451724616
"135","HIC",2043,"Scenario 4",0.0541229675609005
"136","HIC",2044,"Business as usual",0.0748090808404935
"137","HIC",2044,"Scenario 1",0.0685536953373976
"138","HIC",2044,"Scenario 2",0.0608373932535722
"139","HIC",2044,"Scenario 3",0.0579052015752055
"140","HIC",2044,"Scenario 4",0.0540509366123454
"141","HIC",2045,"Business as usual",0.0748299458051284
"142","HIC",2045,"Scenario 1",0.0682128609290709
"143","HIC",2045,"Scenario 2",0.0605572634897577
"144","HIC",2045,"Scenario 3",0.0579460609152398
"145","HIC",2045,"Scenario 4",0.0539830006066095
"146","HIC",2046,"Business as usual",0.0748659678573353
"147","HIC",2046,"Scenario 1",0.0678730902725927
"148","HIC",2046,"Scenario 2",0.0604137943174442
"149","HIC",2046,"Scenario 3",0.0580155995816631
"150","HIC",2046,"Scenario 4",0.0539486652271588
"151","HIC",2047,"Business as usual",0.0750588018916298
"152","HIC",2047,"Scenario 1",0.0676698758973612
"153","HIC",2047,"Scenario 2",0.0604343619292879
"154","HIC",2047,"Scenario 3",0.058236758571189
"155","HIC",2047,"Scenario 4",0.0540620194062559
"156","HIC",2048,"Business as usual",0.0753414184138409
"157","HIC",2048,"Scenario 1",0.0675395630329489
"158","HIC",2048,"Scenario 2",0.0605706535629567
"159","HIC",2048,"Scenario 3",0.0585547965302664
"160","HIC",2048,"Scenario 4",0.0542721019856052
"161","HIC",2049,"Business as usual",0.07561751116886
"162","HIC",2049,"Scenario 1",0.0674010568951046
"163","HIC",2049,"Scenario 2",0.0607262360772868
"164","HIC",2049,"Scenario 3",0.0588963264614266
"165","HIC",2049,"Scenario 4",0.0545112507473373
"166","HIC",2050,"Business as usual",0.0757752314235278
"167","HIC",2050,"Scenario 1",0.0671615958173621
"168","HIC",2050,"Scenario 2",0.0608138467241319
"169","HIC",2050,"Scenario 3",0.0591758165318123
"170","HIC",2050,"Scenario 4",0.054701007349016
"171","LIC",2017,"Business as usual",0.278947149250362
"172","LIC",2017,"Scenario 1",0.278947149250362
"173","LIC",2017,"Scenario 2",0.278947149250362
"174","LIC",2017,"Scenario 3",0.278947149250362
"175","LIC",2017,"Scenario 4",0.278947149250362
"176","LIC",2018,"Business as usual",0.275844843446013
"177","LIC",2018,"Scenario 1",0.275844843446013
"178","LIC",2018,"Scenario 2",0.275844843446013
"179","LIC",2018,"Scenario 3",0.275844843446013
"180","LIC",2018,"Scenario 4",0.275844843446013
"181","LIC",2019,"Business as usual",0.276736861298328
"182","LIC",2019,"Scenario 1",0.276736861298328
"183","LIC",2019,"Scenario 2",0.276736861298328
"184","LIC",2019,"Scenario 3",0.276736861298328
"185","LIC",2019,"Scenario 4",0.276736861298328
"186","LIC",2020,"Business as usual",0.277027236798946
"187","LIC",2020,"Scenario 1",0.277027236798946
"188","LIC",2020,"Scenario 2",0.277027236798946
"189","LIC",2020,"Scenario 3",0.277027236798946
"190","LIC",2020,"Scenario 4",0.277027236798946
"191","LIC",2021,"Business as usual",0.276489453872856
"192","LIC",2021,"Scenario 1",0.276489453872856
"193","LIC",2021,"Scenario 2",0.276489453872856
"194","LIC",2021,"Scenario 3",0.276489453872856
"195","LIC",2021,"Scenario 4",0.276489453872856
"196","LIC",2022,"Business as usual",0.27606826047736
"197","LIC",2022,"Scenario 1",0.27606826047736
"198","LIC",2022,"Scenario 2",0.27606826047736
"199","LIC",2022,"Scenario 3",0.27606826047736
"200","LIC",2022,"Scenario 4",0.27606826047736
"201","LIC",2023,"Business as usual",0.275381993700543
"202","LIC",2023,"Scenario 1",0.274590349215082
"203","LIC",2023,"Scenario 2",0.273829093927796
"204","LIC",2023,"Scenario 3",0.27230422652568
"205","LIC",2023,"Scenario 4",0.27230422652568
"206","LIC",2024,"Business as usual",0.274603668032064
"207","LIC",2024,"Scenario 1",0.272859965167027
"208","LIC",2024,"Scenario 2",0.271184760276094
"209","LIC",2024,"Scenario 3",0.26782616930812
"210","LIC",2024,"Scenario 4",0.26782616930812
"211","LIC",2025,"Business as usual",0.274458218586818
"212","LIC",2025,"Scenario 1",0.271660091810743
"213","LIC",2025,"Scenario 2",0.268975358263109
"214","LIC",2025,"Scenario 3",0.263590708012267
"215","LIC",2025,"Scenario 4",0.263590708012267
"216","LIC",2026,"Business as usual",0.272896817882944
"217","LIC",2026,"Scenario 1",0.268988586578721
"218","LIC",2026,"Scenario 2",0.265244883830424
"219","LIC",2026,"Scenario 3",0.257736972571637
"220","LIC",2026,"Scenario 4",0.257736972571637
"221","LIC",2027,"Business as usual",0.271520029520711
"222","LIC",2027,"Scenario 1",0.266445650624248
"223","LIC",2027,"Scenario 2",0.261592024350805
"224","LIC",2027,"Scenario 3",0.251862603209271
"225","LIC",2027,"Scenario 4",0.251862603209271
"226","LIC",2028,"Business as usual",0.270399646075772
"227","LIC",2028,"Scenario 1",0.264112551177763
"228","LIC",2028,"Scenario 2",0.258104098615499
"229","LIC",2028,"Scenario 3",0.246068917284632
"230","LIC",2028,"Scenario 4",0.246068917284632
"231","LIC",2029,"Business as usual",0.269410436137017
"232","LIC",2029,"Scenario 1",0.261871056013235
"233","LIC",2029,"Scenario 2",0.254671932088312
"234","LIC",2029,"Scenario 3",0.240266723591338
"235","LIC",2029,"Scenario 4",0.240266723591338
"236","LIC",2030,"Business as usual",0.26881170790379
"237","LIC",2030,"Scenario 1",0.259972745258514
"238","LIC",2030,"Scenario 2",0.251542407245428
"239","LIC",2030,"Scenario 3",0.234694596870363
"240","LIC",2030,"Scenario 4",0.234694596870363
"241","LIC",2031,"Business as usual",0.26791604877609
"242","LIC",2031,"Scenario 1",0.257763835803384
"243","LIC",2031,"Scenario 2",0.248091182511741
"244","LIC",2031,"Scenario 3",0.228790260413803
"245","LIC",2031,"Scenario 4",0.228790260413803
"246","LIC",2032,"Business as usual",0.267079048590833
"247","LIC",2032,"Scenario 1",0.25558717254144
"248","LIC",2032,"Scenario 2",0.244652811797062
"249","LIC",2032,"Scenario 3",0.222872692538863
"250","LIC",2032,"Scenario 4",0.222872692538863
"251","LIC",2033,"Business as usual",0.266313692954021
"252","LIC",2033,"Scenario 1",0.25345779780125
"253","LIC",2033,"Scenario 2",0.241245092484525
"254","LIC",2033,"Scenario 3",0.216966763201399
"255","LIC",2033,"Scenario 4",0.216966763201399
"256","LIC",2034,"Business as usual",0.265615277236142
"257","LIC",2034,"Scenario 1",0.251373263455564
"258","LIC",2034,"Scenario 2",0.237868151343412
"259","LIC",2034,"Scenario 3",0.211079305306653
"260","LIC",2034,"Scenario 4",0.211079305306653
"261","LIC",2035,"Business as usual",0.264967700090674
"262","LIC",2035,"Scenario 1",0.249320705471223
"263","LIC",2035,"Scenario 2",0.234511855262326
"264","LIC",2035,"Scenario 3",0.205207261876428
"265","LIC",2035,"Scenario 4",0.205207261876428
"266","LIC",2036,"Business as usual",0.264368370707596
"267","LIC",2036,"Scenario 1",0.247298329865892
"268","LIC",2036,"Scenario 2",0.231175165466138
"269","LIC",2036,"Scenario 3",0.199353315516459
"270","LIC",2036,"Scenario 4",0.199353315516459
"271","LIC",2037,"Business as usual",0.263798464982839
"272","LIC",2037,"Scenario 1",0.245289243974145
"273","LIC",2037,"Scenario 2",0.227842889166592
"274","LIC",2037,"Scenario 3",0.19350737530721
"275","LIC",2037,"Scenario 4",0.19350737530721
"276","LIC",2038,"Business as usual",0.263252420633152
"277","LIC",2038,"Scenario 1",0.243290185936717
"278","LIC",2038,"Scenario 2",0.224514614273883
"279","LIC",2038,"Scenario 3",0.187686122278321
"280","LIC",2038,"Scenario 4",0.187676132212339
"281","LIC",2039,"Business as usual",0.262742167632467
"282","LIC",2039,"Scenario 1",0.241315047126712
"283","LIC",2039,"Scenario 2",0.221206984492299
"284","LIC",2039,"Scenario 3",0.182009336524201
"285","LIC",2039,"Scenario 4",0.181883289564332
"286","LIC",2040,"Business as usual",0.262227129462363
"287","LIC",2040,"Scenario 1",0.239328131146904
"288","LIC",2040,"Scenario 2",0.21789075479982
"289","LIC",2040,"Scenario 3",0.177973888495291
"290","LIC",2040,"Scenario 4",0.176114540977558
"291","LIC",2041,"Business as usual",0.261678867857359
"292","LIC",2041,"Scenario 1",0.237302693719429
"293","LIC",2041,"Scenario 2",0.214542875305147
"294","LIC",2041,"Scenario 3",0.176253146755317
"295","LIC",2041,"Scenario 4",0.170451884876681
"296","LIC",2042,"Business as usual",0.261091966907648
"297","LIC",2042,"Scenario 1",0.235234408696481
"298","LIC",2042,"Scenario 2",0.211161341946824
"299","LIC",2042,"Scenario 3",0.174796135802571
"300","LIC",2042,"Scenario 4",0.16562406381012
"301","LIC",2043,"Business as usual",0.260487508260978
"302","LIC",2043,"Scenario 1",0.233144497727564
"303","LIC",2043,"Scenario 2",0.207767295301955
"304","LIC",2043,"Scenario 3",0.173541347995602
"305","LIC",2043,"Scenario 4",0.163781105591293
"306","LIC",2044,"Business as usual",0.259845107836541
"307","LIC",2044,"Scenario 1",0.231017440656743
"308","LIC",2044,"Scenario 2",0.204349793945335
"309","LIC",2044,"Scenario 3",0.172438625915946
"310","LIC",2044,"Scenario 4",0.162242016532835
"311","LIC",2045,"Business as usual",0.259120710013528
"312","LIC",2045,"Scenario 1",0.228815981675233
"313","LIC",2045,"Scenario 2",0.200879615916863
"314","LIC",2045,"Scenario 3",0.171435049870649
"315","LIC",2045,"Scenario 4",0.160888596990135
"316","LIC",2046,"Business as usual",0.258295763106337
"317","LIC",2046,"Scenario 1",0.226524126571593
"318","LIC",2046,"Scenario 2",0.197344104703801
"319","LIC",2046,"Scenario 3",0.170492734879802
"320","LIC",2046,"Scenario 4",0.159658637199964
"321","LIC",2047,"Business as usual",0.257378505807504
"322","LIC",2047,"Scenario 1",0.22415094600436
"323","LIC",2047,"Scenario 2",0.193753173500182
"324","LIC",2047,"Scenario 3",0.169598789900003
"325","LIC",2047,"Scenario 4",0.158524877662442
"326","LIC",2048,"Business as usual",0.256419631620781
"327","LIC",2048,"Scenario 1",0.221743007493071
"328","LIC",2048,"Scenario 2",0.190148923260772
"329","LIC",2048,"Scenario 3",0.168772116996799
"330","LIC",2048,"Scenario 4",0.157495412556501
"331","LIC",2049,"Business as usual",0.255447663776541
"332","LIC",2049,"Scenario 1",0.219327141270725
"333","LIC",2049,"Scenario 2",0.1865572632947
"334","LIC",2049,"Scenario 3",0.168022032639426
"335","LIC",2049,"Scenario 4",0.156573278818461
"336","LIC",2050,"Business as usual",0.254391045129118
"337","LIC",2050,"Scenario 1",0.216845610430935
"338","LIC",2050,"Scenario 2",0.182939287988978
"339","LIC",2050,"Scenario 3",0.167295538022459
"340","LIC",2050,"Scenario 4",0.155705769983019
"341","LMIC",2017,"Business as usual",0.265604735972654
"342","LMIC",2017,"Scenario 1",0.265604735972654
"343","LMIC",2017,"Scenario 2",0.265604735972654
"344","LMIC",2017,"Scenario 3",0.265604735972654
"345","LMIC",2017,"Scenario 4",0.265604735972654
"346","LMIC",2018,"Business as usual",0.261829263990367
"347","LMIC",2018,"Scenario 1",0.261829263990367
"348","LMIC",2018,"Scenario 2",0.261829263990367
"349","LMIC",2018,"Scenario 3",0.261829263990367
"350","LMIC",2018,"Scenario 4",0.261829263990367
"351","LMIC",2019,"Business as usual",0.262440009759266
"352","LMIC",2019,"Scenario 1",0.262440009759266
"353","LMIC",2019,"Scenario 2",0.262440009759266
"354","LMIC",2019,"Scenario 3",0.262440009759266
"355","LMIC",2019,"Scenario 4",0.262440009759266
"356","LMIC",2020,"Business as usual",0.262479698639546
"357","LMIC",2020,"Scenario 1",0.262479698639546
"358","LMIC",2020,"Scenario 2",0.262479698639546
"359","LMIC",2020,"Scenario 3",0.262479698639546
"360","LMIC",2020,"Scenario 4",0.262479698639546
"361","LMIC",2021,"Business as usual",0.261807858538906
"362","LMIC",2021,"Scenario 1",0.261807858538906
"363","LMIC",2021,"Scenario 2",0.261807858538906
"364","LMIC",2021,"Scenario 3",0.261807858538906
"365","LMIC",2021,"Scenario 4",0.261807858538906
"366","LMIC",2022,"Business as usual",0.261231947479303
"367","LMIC",2022,"Scenario 1",0.261231947479303
"368","LMIC",2022,"Scenario 2",0.261231947479303
"369","LMIC",2022,"Scenario 3",0.261231947479303
"370","LMIC",2022,"Scenario 4",0.261231947479303
"371","LMIC",2023,"Business as usual",0.260597330375419
"372","LMIC",2023,"Scenario 1",0.259809418829609
"373","LMIC",2023,"Scenario 2",0.259019963376758
"374","LMIC",2023,"Scenario 3",0.257438562303823
"375","LMIC",2023,"Scenario 4",0.257438562303823
"376","LMIC",2024,"Business as usual",0.260047228195075
"377","LMIC",2024,"Scenario 1",0.258359518258529
"378","LMIC",2024,"Scenario 2",0.256669058792394
"379","LMIC",2024,"Scenario 3",0.253280135979196
"380","LMIC",2024,"Scenario 4",0.253280135979196
"381","LMIC",2025,"Business as usual",0.259905092918394
"382","LMIC",2025,"Scenario 1",0.257232749685389
"383","LMIC",2025,"Scenario 2",0.254558066099008
"384","LMIC",2025,"Scenario 3",0.249194860993757
"385","LMIC",2025,"Scenario 4",0.249194860993757
"386","LMIC",2026,"Business as usual",0.2590404855699
"387","LMIC",2026,"Scenario 1",0.25532806690975
"388","LMIC",2026,"Scenario 2",0.251615110040915
"389","LMIC",2026,"Scenario 3",0.244171913195553
"390","LMIC",2026,"Scenario 4",0.244171913195553
"391","LMIC",2027,"Business as usual",0.25850053785723
"392","LMIC",2027,"Scenario 1",0.25368940367777
"393","LMIC",2027,"Scenario 2",0.248883405799764
"394","LMIC",2027,"Scenario 3",0.239254959721286
"395","LMIC",2027,"Scenario 4",0.239254959721286
"396","LMIC",2028,"Business as usual",0.258113893456961
"397","LMIC",2028,"Scenario 1",0.252153466054957
"398","LMIC",2028,"Scenario 2",0.246208257621107
"399","LMIC",2028,"Scenario 3",0.234308200895443
"400","LMIC",2028,"Scenario 4",0.234308200895443
"401","LMIC",2029,"Business as usual",0.257708062453084
"402","LMIC",2029,"Scenario 1",0.250559879198416
"403","LMIC",2029,"Scenario 2",0.243440312038158
"404","LMIC",2029,"Scenario 3",0.229205946856412
"405","LMIC",2029,"Scenario 4",0.229205946856412
"406","LMIC",2030,"Business as usual",0.257421231634159
"407","LMIC",2030,"Scenario 1",0.249050035407689
"408","LMIC",2030,"Scenario 2",0.240722697675963
"409","LMIC",2030,"Scenario 3",0.224095865306241
"410","LMIC",2030,"Scenario 4",0.224095865306241
"411","LMIC",2031,"Business as usual",0.256835162862537
"412","LMIC",2031,"Scenario 1",0.247219788985633
"413","LMIC",2031,"Scenario 2",0.237670256600158
"414","LMIC",2031,"Scenario 3",0.218634271262963
"415","LMIC",2031,"Scenario 4",0.218634271262963
"416","LMIC",2032,"Business as usual",0.256245943679764
"417","LMIC",2032,"Scenario 1",0.24536345864764
"418","LMIC",2032,"Scenario 2",0.234572477607792
"419","LMIC",2032,"Scenario 3",0.213101639222601
"420","LMIC",2032,"Scenario 4",0.213101639222601
"421","LMIC",2033,"Business as usual",0.255673762955635
"422","LMIC",2033,"Scenario 1",0.243503941334294
"423","LMIC",2033,"Scenario 2",0.231455084959918
"424","LMIC",2033,"Scenario 3",0.207530848151379
"425","LMIC",2033,"Scenario 4",0.207530848151379
"426","LMIC",2034,"Business as usual",0.255067398245874
"427","LMIC",2034,"Scenario 1",0.241596406334925
"428","LMIC",2034,"Scenario 2",0.228279184654526
"429","LMIC",2034,"Scenario 3",0.20189659263716
"430","LMIC",2034,"Scenario 4",0.20189659263716
"431","LMIC",2035,"Business as usual",0.254466086455007
"432","LMIC",2035,"Scenario 1",0.239680998746136
"433","LMIC",2035,"Scenario 2",0.225086261634953
"434","LMIC",2035,"Scenario 3",0.196244376013978
"435","LMIC",2035,"Scenario 4",0.196244376013978
"436","LMIC",2036,"Business as usual",0.253836002933488
"437","LMIC",2036,"Scenario 1",0.237728088848734
"438","LMIC",2036,"Scenario 2",0.22185051076028
"439","LMIC",2036,"Scenario 3",0.190558316520191
"440","LMIC",2036,"Scenario 4",0.190558304058796
"441","LMIC",2037,"Business as usual",0.25314866434298
"442","LMIC",2037,"Scenario 1",0.23571452777923
"443","LMIC",2037,"Scenario 2",0.218553773502015
"444","LMIC",2037,"Scenario 3",0.184832610745509
"445","LMIC",2037,"Scenario 4",0.184832234735041
"446","LMIC",2038,"Business as usual",0.25236824181504
"447","LMIC",2038,"Scenario 1",0.233610190357637
"448","LMIC",2038,"Scenario 2",0.215171080419009
"449","LMIC",2038,"Scenario 3",0.17905639965753
"450","LMIC",2038,"Scenario 4",0.179053610557387
"451","LMIC",2039,"Business as usual",0.25151441328106
"452","LMIC",2039,"Scenario 1",0.231436350396511
"453","LMIC",2039,"Scenario 2",0.211725633902971
"454","LMIC",2039,"Scenario 3",0.173299445842159
"455","LMIC",2039,"Scenario 4",0.173251711784692
"456","LMIC",2040,"Business as usual",0.250595575886796
"457","LMIC",2040,"Scenario 1",0.229203451886083
"458","LMIC",2040,"Scenario 2",0.208230165907983
"459","LMIC",2040,"Scenario 3",0.169958548649482
"460","LMIC",2040,"Scenario 4",0.167447838669178
"461","LMIC",2041,"Business as usual",0.249658989920831
"462","LMIC",2041,"Scenario 1",0.226954966469548
"463","LMIC",2041,"Scenario 2",0.204724931561284
"464","LMIC",2041,"Scenario 3",0.168184856282543
"465","LMIC",2041,"Scenario 4",0.161686981156244
"466","LMIC",2042,"Business as usual",0.248695274237039
"467","LMIC",2042,"Scenario 1",0.224686209183396
"468","LMIC",2042,"Scenario 2",0.201209887947863
"469","LMIC",2042,"Scenario 3",0.166640713897508
"470","LMIC",2042,"Scenario 4",0.157556717319181
"471","LMIC",2043,"Business as usual",0.247702293501042
"472","LMIC",2043,"Scenario 1",0.222394399030104
"473","LMIC",2043,"Scenario 2",0.197683165222864
"474","LMIC",2043,"Scenario 3",0.165272365151417
"475","LMIC",2043,"Scenario 4",0.155712477844596
"476","LMIC",2044,"Business as usual",0.246736169188217
"477","LMIC",2044,"Scenario 1",0.220130408679143
"478","LMIC",2044,"Scenario 2",0.194191309617121
"479","LMIC",2044,"Scenario 3",0.164086113018287
"480","LMIC",2044,"Scenario 4",0.154143229711482
"481","LMIC",2045,"Business as usual",0.245838343309798
"482","LMIC",2045,"Scenario 1",0.217931283693287
"483","LMIC",2045,"Scenario 2",0.19076743037869
"484","LMIC",2045,"Scenario 3",0.163087707427956
"485","LMIC",2045,"Scenario 4",0.15282102294963
"486","LMIC",2046,"Business as usual",0.245016061680153
"487","LMIC",2046,"Scenario 1",0.215801163083457
"488","LMIC",2046,"Scenario 2",0.187413334056961
"489","LMIC",2046,"Scenario 3",0.162259469553177
"490","LMIC",2046,"Scenario 4",0.151711814313454
"491","LMIC",2047,"Business as usual",0.24427424438582
"492","LMIC",2047,"Scenario 1",0.213747536395008
"493","LMIC",2047,"Scenario 2",0.184140505247746
"494","LMIC",2047,"Scenario 3",0.16160338577449
"495","LMIC",2047,"Scenario 4",0.150809133260601
"496","LMIC",2048,"Business as usual",0.243570659640718
"497","LMIC",2048,"Scenario 1",0.21173053118053
"498","LMIC",2048,"Scenario 2",0.18091160707701
"499","LMIC",2048,"Scenario 3",0.161071585652815
"500","LMIC",2048,"Scenario 4",0.150059619626888
"501","LMIC",2049,"Business as usual",0.242885035714609
"502","LMIC",2049,"Scenario 1",0.209732788349178
"503","LMIC",2049,"Scenario 2",0.177711322154495
"504","LMIC",2049,"Scenario 3",0.160638166279335
"505","LMIC",2049,"Scenario 4",0.149433823462908
"506","LMIC",2050,"Business as usual",0.242166489672963
"507","LMIC",2050,"Scenario 1",0.207711546186301
"508","LMIC",2050,"Scenario 2",0.174504265752025
"509","LMIC",2050,"Scenario 3",0.160258622271967
"510","LMIC",2050,"Scenario 4",0.148886845072577
"511","UMIC",2017,"Business as usual",0.21276232716663
"512","UMIC",2017,"Scenario 1",0.21276232716663
"513","UMIC",2017,"Scenario 2",0.21276232716663
"514","UMIC",2017,"Scenario 3",0.21276232716663
"515","UMIC",2017,"Scenario 4",0.21276232716663
"516","UMIC",2018,"Business as usual",0.200167042757418
"517","UMIC",2018,"Scenario 1",0.200167042757418
"518","UMIC",2018,"Scenario 2",0.200167042757418
"519","UMIC",2018,"Scenario 3",0.200167042757418
"520","UMIC",2018,"Scenario 4",0.200167042757418
"521","UMIC",2019,"Business as usual",0.198806354936322
"522","UMIC",2019,"Scenario 1",0.198806354936322
"523","UMIC",2019,"Scenario 2",0.198806354936322
"524","UMIC",2019,"Scenario 3",0.198806354936322
"525","UMIC",2019,"Scenario 4",0.198806354936322
"526","UMIC",2020,"Business as usual",0.197509276202186
"527","UMIC",2020,"Scenario 1",0.197509276202186
"528","UMIC",2020,"Scenario 2",0.197509276202186
"529","UMIC",2020,"Scenario 3",0.197509276202186
"530","UMIC",2020,"Scenario 4",0.197509276202186
"531","UMIC",2021,"Business as usual",0.195952484595475
"532","UMIC",2021,"Scenario 1",0.195952484595475
"533","UMIC",2021,"Scenario 2",0.195952484595475
"534","UMIC",2021,"Scenario 3",0.195952484595475
"535","UMIC",2021,"Scenario 4",0.195952484595475
"536","UMIC",2022,"Business as usual",0.194780252117184
"537","UMIC",2022,"Scenario 1",0.194780252117184
"538","UMIC",2022,"Scenario 2",0.194780252117184
"539","UMIC",2022,"Scenario 3",0.194780252117184
"540","UMIC",2022,"Scenario 4",0.194780252117184
"541","UMIC",2023,"Business as usual",0.194131304197697
"542","UMIC",2023,"Scenario 1",0.193593985921668
"543","UMIC",2023,"Scenario 2",0.192983549034846
"544","UMIC",2023,"Scenario 3",0.191760973927829
"545","UMIC",2023,"Scenario 4",0.191760973927829
"546","UMIC",2024,"Business as usual",0.193445743033404
"547","UMIC",2024,"Scenario 1",0.192261870292322
"548","UMIC",2024,"Scenario 2",0.190924992997579
"549","UMIC",2024,"Scenario 3",0.188246744676882
"550","UMIC",2024,"Scenario 4",0.188246744676882
"551","UMIC",2025,"Business as usual",0.193651567498225
"552","UMIC",2025,"Scenario 1",0.191750966964167
"553","UMIC",2025,"Scenario 2",0.189611675111973
"554","UMIC",2025,"Scenario 3",0.185327239846241
"555","UMIC",2025,"Scenario 4",0.185327239846241
"556","UMIC",2026,"Business as usual",0.192917966036777
"557","UMIC",2026,"Scenario 1",0.190263869473172
"558","UMIC",2026,"Scenario 2",0.18728266712882
"559","UMIC",2026,"Scenario 3",0.181317112750529
"560","UMIC",2026,"Scenario 4",0.181317112750529
"561","UMIC",2027,"Business as usual",0.191885813954667
"562","UMIC",2027,"Scenario 1",0.188449179493394
"563","UMIC",2027,"Scenario 2",0.184595507887804
"564","UMIC",2027,"Scenario 3",0.176893983654699
"565","UMIC",2027,"Scenario 4",0.176893983654699
"566","UMIC",2028,"Business as usual",0.191139146134825
"567","UMIC",2028,"Scenario 1",0.186884402514766
"568","UMIC",2028,"Scenario 2",0.182122921968966
"569","UMIC",2028,"Scenario 3",0.172622799146123
"570","UMIC",2028,"Scenario 4",0.172622799146123
"571","UMIC",2029,"Business as usual",0.189727500263837
"572","UMIC",2029,"Scenario 1",0.184654307273761
"573","UMIC",2029,"Scenario 2",0.178982301888145
"574","UMIC",2029,"Scenario 3",0.16768834355325
"575","UMIC",2029,"Scenario 4",0.16768834355325
"576","UMIC",2030,"Business as usual",0.188995950828601
"577","UMIC",2030,"Scenario 1",0.18306592807499
"578","UMIC",2030,"Scenario 2",0.176445083314724
"579","UMIC",2030,"Scenario 3",0.163292019524812
"580","UMIC",2030,"Scenario 4",0.163292019524812
"581","UMIC",2031,"Business as usual",0.188024011662342
"582","UMIC",2031,"Scenario 1",0.181232361259446
"583","UMIC",2031,"Scenario 2",0.173657352071018
"584","UMIC",2031,"Scenario 3",0.158647614573022
"585","UMIC",2031,"Scenario 4",0.158647614573022
"586","UMIC",2032,"Business as usual",0.187295547347835
"587","UMIC",2032,"Scenario 1",0.179621088014881
"588","UMIC",2032,"Scenario 2",0.17107094381506
"589","UMIC",2032,"Scenario 3",0.154176808159241
"590","UMIC",2032,"Scenario 4",0.154176808159241
"591","UMIC",2033,"Business as usual",0.186628856892571
"592","UMIC",2033,"Scenario 1",0.178060792010943
"593","UMIC",2033,"Scenario 2",0.168523468477421
"594","UMIC",2033,"Scenario 3",0.149736226598523
"595","UMIC",2033,"Scenario 4",0.149736226598523
"596","UMIC",2034,"Business as usual",0.185786946048352
"597","UMIC",2034,"Scenario 1",0.176330290866269
"598","UMIC",2034,"Scenario 2",0.165809428863383
"599","UMIC",2034,"Scenario 3",0.145152930940046
"600","UMIC",2034,"Scenario 4",0.145152924906572
"601","UMIC",2035,"Business as usual",0.184641739471097
"602","UMIC",2035,"Scenario 1",0.174312101155745
"603","UMIC",2035,"Scenario 2",0.162825280468646
"604","UMIC",2035,"Scenario 3",0.140352505502473
"605","UMIC",2035,"Scenario 4",0.140352460205375
"606","UMIC",2036,"Business as usual",0.183269696978887
"607","UMIC",2036,"Scenario 1",0.172077485740919
"608","UMIC",2036,"Scenario 2",0.159642512736174
"609","UMIC",2036,"Scenario 3",0.135409225876995
"610","UMIC",2036,"Scenario 4",0.135409002660183
"611","UMIC",2037,"Business as usual",0.181895697503784
"612","UMIC",2037,"Scenario 1",0.169836858451513
"613","UMIC",2037,"Scenario 2",0.156461125667679
"614","UMIC",2037,"Scenario 3",0.130515790526813
"615","UMIC",2037,"Scenario 4",0.130503527527899
"616","UMIC",2038,"Business as usual",0.180761788251948
"617","UMIC",2038,"Scenario 1",0.167810887003034
"618","UMIC",2038,"Scenario 2",0.153484844355563
"619","UMIC",2038,"Scenario 3",0.126156006258222
"620","UMIC",2038,"Scenario 4",0.125808022062403
"621","UMIC",2039,"Business as usual",0.179973285056297
"622","UMIC",2039,"Scenario 1",0.166098351570425
"623","UMIC",2039,"Scenario 2",0.150799558020594
"624","UMIC",2039,"Scenario 3",0.123880678722634
"625","UMIC",2039,"Scenario 4",0.121390207837673
"626","UMIC",2040,"Business as usual",0.179491309072156
"627","UMIC",2040,"Scenario 1",0.164665775245395
"628","UMIC",2040,"Scenario 2",0.148371146656478
"629","UMIC",2040,"Scenario 3",0.122653988363459
"630","UMIC",2040,"Scenario 4",0.117375842216143
"631","UMIC",2041,"Business as usual",0.179169179676315
"632","UMIC",2041,"Scenario 1",0.163379041152987
"633","UMIC",2041,"Scenario 2",0.146073856869771
"634","UMIC",2041,"Scenario 3",0.121744126158089
"635","UMIC",2041,"Scenario 4",0.114932418114366
"636","UMIC",2042,"Business as usual",0.178903250308937
"637","UMIC",2042,"Scenario 1",0.16214199402779
"638","UMIC",2042,"Scenario 2",0.143816596912993
"639","UMIC",2042,"Scenario 3",0.121020073609995
"640","UMIC",2042,"Scenario 4",0.11378578134094
"641","UMIC",2043,"Business as usual",0.178461092125588
"642","UMIC",2043,"Scenario 1",0.160751011007965
"643","UMIC",2043,"Scenario 2",0.141422450708992
"644","UMIC",2043,"Scenario 3",0.120311002643661
"645","UMIC",2043,"Scenario 4",0.112757468824067
"646","UMIC",2044,"Business as usual",0.177872589029172
"647","UMIC",2044,"Scenario 1",0.159235191413481
"648","UMIC",2044,"Scenario 2",0.138922538215531
"649","UMIC",2044,"Scenario 3",0.119622323027686
"650","UMIC",2044,"Scenario 4",0.111805551665998
"651","UMIC",2045,"Business as usual",0.177200164416161
"652","UMIC",2045,"Scenario 1",0.157653320036649
"653","UMIC",2045,"Scenario 2",0.136373964083245
"654","UMIC",2045,"Scenario 3",0.118988211083438
"655","UMIC",2045,"Scenario 4",0.110946366594291
"656","UMIC",2046,"Business as usual",0.176495211500742
"657","UMIC",2046,"Scenario 1",0.156050320738833
"658","UMIC",2046,"Scenario 2",0.133816901714649
"659","UMIC",2046,"Scenario 3",0.118426501221191
"660","UMIC",2046,"Scenario 4",0.110188013957361
"661","UMIC",2047,"Business as usual",0.175750896139829
"662","UMIC",2047,"Scenario 1",0.15442034925702
"663","UMIC",2047,"Scenario 2",0.131248686709584
"664","UMIC",2047,"Scenario 3",0.117922496298692
"665","UMIC",2047,"Scenario 4",0.109510967334617
"666","UMIC",2048,"Business as usual",0.174992164547905
"667","UMIC",2048,"Scenario 1",0.152785633619709
"668","UMIC",2048,"Scenario 2",0.128695951563144
"669","UMIC",2048,"Scenario 3",0.117486829072741
"670","UMIC",2048,"Scenario 4",0.108922502021637
"671","UMIC",2049,"Business as usual",0.174218857061489
"672","UMIC",2049,"Scenario 1",0.151152638891234
"673","UMIC",2049,"Scenario 2",0.126174557106675
"674","UMIC",2049,"Scenario 3",0.117117825762575
"675","UMIC",2049,"Scenario 4",0.108418368977887
"676","UMIC",2050,"Business as usual",0.173408252041543
"677","UMIC",2050,"Scenario 1",0.14950225372621
"678","UMIC",2050,"Scenario 2",0.123740225859628
"679","UMIC",2050,"Scenario 3",0.116793579890663
"680","UMIC",2050,"Scenario 4",0.107976348673809
